d_theory,vertices,edges,epsilon,time,d_true,recursive_calls,est_matching_size,theory_maximal_matching
2,10,15,0.05,0.0000,3.00,0,4.00,5
2,10,13,0.05,0.0000,2.60,0,4.00,5
2,10,12,0.10,0.0000,2.40,0,4.00,5
2,10,13,0.20,0.0000,2.60,0,4.00,5
2,50,64,0.05,0.0000,2.56,0,22.00,25
2,50,65,0.10,0.0000,2.60,0,21.00,25
2,50,66,0.20,0.0010,2.64,0,19.00,25
2,100,131,0.05,0.0000,2.62,0,43.00,50
2,100,129,0.10,0.0000,2.58,0,39.00,50
2,100,134,0.20,0.0000,2.68,0,41.00,50
2,10,14,0.05,0.0000,2.80,0,4.00,5
2,10,13,0.05,0.0000,2.60,0,4.00,5
2,10,13,0.05,0.0000,2.60,0,4.00,5
2,10,13,0.05,0.0000,2.60,0,3.00,5
2,10,12,0.05,0.0000,2.40,0,5.00,5
2,10,13,0.05,0.0000,2.60,0,5.00,5
2,10,13,0.05,0.0000,2.60,0,4.00,5
2,10,13,0.05,0.0000,2.60,0,4.00,5
2,10,13,0.05,0.0000,2.60,0,4.00,5
2,10,12,0.05,0.0000,2.40,0,3.00,5
2,10,13,0.10,0.0000,2.60,0,4.00,5
2,10,14,0.10,0.0000,2.80,0,4.00,5
2,10,13,0.10,0.0000,2.60,0,5.00,5
2,10,14,0.10,0.0000,2.80,0,4.00,5
2,10,15,0.10,0.0000,3.00,0,4.00,5
2,10,12,0.10,0.0000,2.40,0,3.00,5
2,10,14,0.10,0.0000,2.80,0,5.00,5
2,10,14,0.10,0.0000,2.80,0,4.00,5
2,10,14,0.10,0.0000,2.80,0,4.00,5
2,10,12,0.10,0.0000,2.40,0,4.00,5
2,10,13,0.20,0.0000,2.60,0,4.00,5
2,10,12,0.20,0.0000,2.40,0,4.00,5
2,10,13,0.20,0.0000,2.60,0,5.00,5
2,10,12,0.20,0.0000,2.40,0,4.00,5
2,10,13,0.20,0.0000,2.60,0,4.00,5
2,10,15,0.20,0.0000,3.00,0,5.00,5
2,10,14,0.20,0.0000,2.80,0,5.00,5
2,10,13,0.20,0.0000,2.60,0,4.00,5
2,10,14,0.20,0.0000,2.80,0,3.00,5
2,10,15,0.20,0.0000,3.00,0,4.00,5
2,50,68,0.05,0.0000,2.72,0,19.00,25
2,50,70,0.05,0.0010,2.80,0,21.00,25
2,50,69,0.05,0.0000,2.76,0,18.00,25
2,50,67,0.05,0.0000,2.68,0,21.00,25
2,50,61,0.05,0.0000,2.44,0,21.00,25
2,50,69,0.05,0.0000,2.76,0,23.00,25
2,50,66,0.05,0.0010,2.64,0,21.00,25
2,50,61,0.05,0.0000,2.44,0,22.00,25
2,50,63,0.05,0.0010,2.52,0,22.00,25
2,50,66,0.05,0.0010,2.64,0,23.00,25
2,50,63,0.10,0.0000,2.52,0,21.00,25
2,50,65,0.10,0.0000,2.60,0,23.00,25
2,50,65,0.10,0.0000,2.60,0,22.00,25
2,50,68,0.10,0.0000,2.72,0,21.00,25
2,50,67,0.10,0.0000,2.68,0,21.00,25
2,50,62,0.10,0.0000,2.48,0,20.00,25
2,50,66,0.10,0.0000,2.64,0,19.00,25
2,50,69,0.10,0.0000,2.76,0,22.00,25
2,50,67,0.10,0.0000,2.68,0,19.00,25
2,50,69,0.10,0.0000,2.76,0,22.00,25
2,50,67,0.20,0.0000,2.68,0,22.00,25
2,50,65,0.20,0.0000,2.60,0,21.00,25
2,50,69,0.20,0.0000,2.76,0,22.00,25
2,50,68,0.20,0.0000,2.72,0,20.00,25
2,50,67,0.20,0.0000,2.68,0,21.00,25
2,50,66,0.20,0.0000,2.64,0,21.00,25
2,50,63,0.20,0.0010,2.52,0,20.00,25
2,50,63,0.20,0.0000,2.52,0,21.00,25
2,50,67,0.20,0.0000,2.68,0,22.00,25
2,50,70,0.20,0.0000,2.80,0,21.00,25
2,100,132,0.05,0.0000,2.64,0,44.00,50
2,100,133,0.05,0.0000,2.66,0,40.00,50
2,100,135,0.05,0.0000,2.70,0,44.00,50
2,100,133,0.05,0.0000,2.66,0,42.00,50
2,100,126,0.05,0.0010,2.52,0,42.00,50
2,100,132,0.05,0.0010,2.64,0,44.00,50
2,100,126,0.05,0.0000,2.52,0,43.00,50
2,100,133,0.05,0.0000,2.66,0,43.00,50
2,100,131,0.05,0.0000,2.62,0,42.00,50
2,100,131,0.05,0.0010,2.62,0,40.00,50
2,100,130,0.10,0.0000,2.60,0,41.00,50
2,100,137,0.10,0.0010,2.74,0,44.00,50
2,100,130,0.10,0.0000,2.60,0,42.00,50
2,100,129,0.10,0.0010,2.58,0,41.00,50
2,100,127,0.10,0.0000,2.54,0,44.00,50
2,100,130,0.10,0.0000,2.60,0,41.00,50
2,100,132,0.10,0.0010,2.64,0,43.00,50
2,100,129,0.10,0.0000,2.58,0,43.00,50
2,100,136,0.10,0.0000,2.72,0,42.00,50
2,100,134,0.10,0.0000,2.68,0,44.00,50
2,100,127,0.20,0.0010,2.54,0,42.00,50
2,100,131,0.20,0.0000,2.62,0,43.00,50
2,100,140,0.20,0.0010,2.80,0,42.00,50
2,100,127,0.20,0.0010,2.54,0,40.00,50
2,100,131,0.20,0.0000,2.62,0,41.00,50
2,100,134,0.20,0.0000,2.68,0,41.00,50
2,100,137,0.20,0.0010,2.74,0,42.00,50
2,100,126,0.20,0.0000,2.52,0,41.00,50
2,100,130,0.20,0.0000,2.60,0,41.00,50
2,100,129,0.20,0.0000,2.58,0,45.00,50
2,10,12,0.05,0.0000,2.40,0,3.00,5
2,10,14,0.05,0.0000,2.80,0,5.00,5
2,10,12,0.05,0.0000,2.40,0,5.00,5
2,10,12,0.05,0.0000,2.40,0,4.00,5
2,10,12,0.05,0.0000,2.40,0,4.00,5
2,10,12,0.05,0.0000,2.40,0,4.00,5
2,10,13,0.05,0.0000,2.60,0,4.00,5
2,10,14,0.05,0.0000,2.80,0,4.00,5
2,10,12,0.05,0.0000,2.40,0,3.00,5
2,10,12,0.05,0.0000,2.40,0,5.00,5
2,10,14,0.10,0.0000,2.80,0,4.00,5
2,10,13,0.10,0.0000,2.60,0,4.00,5
2,10,14,0.10,0.0000,2.80,0,5.00,5
2,10,12,0.10,0.0000,2.40,0,5.00,5
2,10,13,0.10,0.0000,2.60,0,4.00,5
2,10,14,0.10,0.0000,2.80,0,4.00,5
2,10,12,0.10,0.0000,2.40,0,5.00,5
2,10,14,0.10,0.0000,2.80,0,4.00,5
2,10,13,0.10,0.0000,2.60,0,4.00,5
2,10,13,0.10,0.0000,2.60,0,4.00,5
2,10,14,0.20,0.0000,2.80,0,4.00,5
2,10,12,0.20,0.0000,2.40,0,5.00,5
2,10,12,0.20,0.0000,2.40,0,4.00,5
2,10,12,0.20,0.0000,2.40,0,4.00,5
2,10,15,0.20,0.0000,3.00,0,5.00,5
2,10,12,0.20,0.0010,2.40,0,5.00,5
2,10,13,0.20,0.0000,2.60,0,4.00,5
2,10,14,0.20,0.0000,2.80,0,5.00,5
2,10,15,0.20,0.0000,3.00,0,4.00,5
2,10,13,0.20,0.0000,2.60,0,4.00,5
2,50,65,0.05,0.0000,2.60,0,22.00,25
2,50,66,0.05,0.0000,2.64,0,20.00,25
2,50,68,0.05,0.0000,2.72,0,21.00,25
2,50,66,0.05,0.0000,2.64,0,21.00,25
2,50,68,0.05,0.0000,2.72,0,21.00,25
2,50,68,0.05,0.0000,2.72,0,21.00,25
2,50,64,0.05,0.0000,2.56,0,21.00,25
2,50,67,0.05,0.0000,2.68,0,23.00,25
2,50,66,0.05,0.0000,2.64,0,23.00,25
2,50,69,0.05,0.0000,2.76,0,20.00,25
2,50,64,0.10,0.0000,2.56,0,19.00,25
2,50,66,0.10,0.0000,2.64,0,20.00,25
2,50,68,0.10,0.0000,2.72,0,23.00,25
2,50,64,0.10,0.0000,2.56,0,20.00,25
2,50,66,0.10,0.0000,2.64,0,22.00,25
2,50,66,0.10,0.0000,2.64,0,21.00,25
2,50,69,0.10,0.0000,2.76,0,21.00,25
2,50,63,0.10,0.0010,2.52,0,21.00,25
2,50,66,0.10,0.0000,2.64,0,20.00,25
2,50,64,0.10,0.0000,2.56,0,20.00,25
2,50,66,0.20,0.0000,2.64,0,21.00,25
2,50,66,0.20,0.0000,2.64,0,19.00,25
2,50,65,0.20,0.0000,2.60,0,20.00,25
2,50,65,0.20,0.0000,2.60,0,20.00,25
2,50,69,0.20,0.0000,2.76,0,23.00,25
2,50,64,0.20,0.0000,2.56,0,20.00,25
2,50,71,0.20,0.0000,2.84,0,20.00,25
2,50,64,0.20,0.0010,2.56,0,22.00,25
2,50,68,0.20,0.0000,2.72,0,20.00,25
2,50,66,0.20,0.0000,2.64,0,20.00,25
2,100,132,0.05,0.0000,2.64,0,40.00,50
2,100,128,0.05,0.0010,2.56,0,44.00,50
2,100,134,0.05,0.0000,2.68,0,42.00,50
2,100,131,0.05,0.0010,2.62,0,40.00,50
2,100,129,0.05,0.0000,2.58,0,42.00,50
2,100,129,0.05,0.0000,2.58,0,42.00,50
2,100,126,0.05,0.0000,2.52,0,42.00,50
2,100,131,0.05,0.0000,2.62,0,41.00,50
2,100,135,0.05,0.0000,2.70,0,41.00,50
2,100,133,0.05,0.0010,2.66,0,41.00,50
2,100,128,0.10,0.0010,2.56,0,41.00,50
2,100,131,0.10,0.0000,2.62,0,43.00,50
2,100,131,0.10,0.0000,2.62,0,41.00,50
2,100,133,0.10,0.0000,2.66,0,44.00,50
2,100,131,0.10,0.0010,2.62,0,43.00,50
2,100,128,0.10,0.0010,2.56,0,41.00,50
2,100,128,0.10,0.0010,2.56,0,43.00,50
2,100,131,0.10,0.0000,2.62,0,42.00,50
2,100,132,0.10,0.0010,2.64,0,42.00,50
2,100,131,0.10,0.0010,2.62,0,42.00,50
2,100,127,0.20,0.0010,2.54,0,41.00,50
2,100,136,0.20,0.0010,2.72,0,42.00,50
2,100,130,0.20,0.0000,2.60,0,40.00,50
2,100,133,0.20,0.0010,2.66,0,39.00,50
2,100,126,0.20,0.0000,2.52,0,41.00,50
2,100,133,0.20,0.0010,2.66,0,41.00,50
2,100,124,0.20,0.0010,2.48,0,42.00,50
2,100,127,0.20,0.0000,2.54,0,38.00,50
2,100,127,0.20,0.0000,2.54,0,42.00,50
2,100,133,0.20,0.0010,2.66,0,44.00,50
3,10,18,0.05,0.0000,3.60,0,4.00,5
3,10,20,0.05,0.0000,4.00,0,4.00,5
3,10,19,0.05,0.0000,3.80,0,4.00,5
3,10,20,0.05,0.0000,4.00,0,5.00,5
3,10,19,0.05,0.0000,3.80,0,4.00,5
3,10,20,0.05,0.0000,4.00,0,5.00,5
3,10,20,0.05,0.0000,4.00,0,4.00,5
3,10,18,0.05,0.0000,3.60,0,4.00,5
3,10,21,0.05,0.0000,4.20,0,4.00,5
3,10,22,0.05,0.0000,4.40,0,5.00,5
3,10,18,0.10,0.0000,3.60,0,4.00,5
3,10,17,0.10,0.0000,3.40,0,5.00,5
3,10,19,0.10,0.0000,3.80,0,4.00,5
3,10,18,0.10,0.0000,3.60,0,4.00,5
3,10,17,0.10,0.0000,3.40,0,5.00,5
3,10,20,0.10,0.0000,4.00,0,4.00,5
3,10,17,0.10,0.0000,3.40,0,4.00,5
3,10,22,0.10,0.0000,4.40,0,4.00,5
3,10,19,0.10,0.0000,3.80,0,4.00,5
3,10,19,0.10,0.0000,3.80,0,4.00,5
3,10,21,0.20,0.0000,4.20,0,5.00,5
3,10,18,0.20,0.0000,3.60,0,5.00,5
3,10,18,0.20,0.0000,3.60,0,5.00,5
3,10,18,0.20,0.0000,3.60,0,4.00,5
3,10,20,0.20,0.0000,4.00,0,3.00,5
3,10,18,0.20,0.0000,3.60,0,4.00,5
3,10,19,0.20,0.0000,3.80,0,5.00,5
3,10,17,0.20,0.0000,3.40,0,5.00,5
3,10,19,0.20,0.0000,3.80,0,5.00,5
3,10,19,0.20,0.0000,3.80,0,4.00,5
3,50,94,0.05,0.0000,3.76,0,20.00,25
3,50,91,0.05,0.0000,3.64,0,21.00,25
3,50,93,0.05,0.0000,3.72,0,22.00,25
3,50,98,0.05,0.0010,3.92,0,22.00,25
3,50,92,0.05,0.0000,3.68,0,22.00,25
3,50,95,0.05,0.0000,3.80,0,22.00,25
3,50,91,0.05,0.0000,3.64,0,22.00,25
3,50,90,0.05,0.0000,3.60,0,22.00,25
3,50,97,0.05,0.0000,3.88,0,23.00,25
3,50,91,0.05,0.0000,3.64,0,21.00,25
3,50,95,0.10,0.0000,3.80,0,23.00,25
3,50,96,0.10,0.0000,3.84,0,22.00,25
3,50,97,0.10,0.0000,3.88,0,22.00,25
3,50,98,0.10,0.0000,3.92,0,23.00,25
3,50,92,0.10,0.0000,3.68,0,23.00,25
3,50,93,0.10,0.0000,3.72,0,22.00,25
3,50,90,0.10,0.0000,3.60,0,22.00,25
3,50,96,0.10,0.0010,3.84,0,22.00,25
3,50,91,0.10,0.0000,3.64,0,23.00,25
3,50,95,0.10,0.0000,3.80,0,21.00,25
3,50,99,0.20,0.0000,3.96,0,23.00,25
3,50,95,0.20,0.0000,3.80,0,23.00,25
3,50,98,0.20,0.0000,3.92,0,22.00,25
3,50,98,0.20,0.0010,3.92,0,22.00,25
3,50,97,0.20,0.0000,3.88,0,23.00,25
3,50,91,0.20,0.0010,3.64,0,23.00,25
3,50,93,0.20,0.0000,3.72,0,22.00,25
3,50,98,0.20,0.0000,3.92,0,23.00,25
3,50,93,0.20,0.0010,3.72,0,22.00,25
3,50,99,0.20,0.0000,3.96,0,22.00,25
3,100,188,0.05,0.0010,3.76,0,42.00,50
3,100,185,0.05,0.0000,3.70,0,43.00,50
3,100,185,0.05,0.0010,3.70,0,43.00,50
3,100,192,0.05,0.0010,3.84,0,47.00,50
3,100,190,0.05,0.0010,3.80,0,44.00,50
3,100,180,0.05,0.0000,3.60,0,45.00,50
3,100,191,0.05,0.0000,3.82,0,45.00,50
3,100,187,0.05,0.0010,3.74,0,46.00,50
3,100,188,0.05,0.0010,3.76,0,44.00,50
3,100,193,0.05,0.0000,3.86,0,42.00,50
3,100,186,0.10,0.0000,3.72,0,44.00,50
3,100,188,0.10,0.0010,3.76,0,45.00,50
3,100,192,0.10,0.0000,3.84,0,45.00,50
3,100,187,0.10,0.0010,3.74,0,45.00,50
3,100,191,0.10,0.0000,3.82,0,44.00,50
3,100,181,0.10,0.0010,3.62,0,44.00,50
3,100,193,0.10,0.0010,3.86,0,47.00,50
3,100,186,0.10,0.0000,3.72,0,42.00,50
3,100,185,0.10,0.0010,3.70,0,44.00,50
3,100,190,0.10,0.0000,3.80,0,45.00,50
3,100,187,0.20,0.0010,3.74,0,44.00,50
3,100,184,0.20,0.0010,3.68,0,44.00,50
3,100,193,0.20,0.0000,3.86,0,43.00,50
3,100,187,0.20,0.0010,3.74,0,45.00,50
3,100,186,0.20,0.0010,3.72,0,45.00,50
3,100,197,0.20,0.0010,3.94,0,46.00,50
3,100,184,0.20,0.0000,3.68,0,45.00,50
3,100,187,0.20,0.0010,3.74,0,45.00,50
3,100,186,0.20,0.0000,3.72,0,43.00,50
3,100,188,0.20,0.0010,3.76,0,44.00,50
4,10,24,0.05,0.0000,4.80,0,5.00,5
4,10,25,0.05,0.0000,5.00,0,5.00,5
4,10,27,0.05,0.0000,5.40,0,5.00,5
4,10,22,0.05,0.0000,4.40,0,4.00,5
4,10,24,0.05,0.0000,4.80,0,5.00,5
4,10,27,0.05,0.0000,5.40,0,4.00,5
4,10,26,0.05,0.0000,5.20,0,5.00,5
4,10,28,0.05,0.0000,5.60,0,5.00,5
4,10,26,0.05,0.0000,5.20,0,5.00,5
4,10,26,0.05,0.0000,5.20,0,5.00,5
4,10,26,0.10,0.0000,5.20,0,4.00,5
4,10,23,0.10,0.0000,4.60,0,4.00,5
4,10,25,0.10,0.0000,5.00,0,5.00,5
4,10,21,0.10,0.0000,4.20,0,5.00,5
4,10,22,0.10,0.0000,4.40,0,4.00,5
4,10,22,0.10,0.0010,4.40,0,5.00,5
4,10,27,0.10,0.0000,5.40,0,4.00,5
4,10,24,0.10,0.0000,4.80,0,5.00,5
4,10,26,0.10,0.0000,5.20,0,5.00,5
4,10,24,0.10,0.0000,4.80,0,5.00,5
4,10,26,0.20,0.0000,5.20,0,5.00,5
4,10,22,0.20,0.0000,4.40,0,4.00,5
4,10,25,0.20,0.0000,5.00,0,4.00,5
4,10,25,0.20,0.0000,5.00,0,5.00,5
4,10,28,0.20,0.0000,5.60,0,5.00,5
4,10,25,0.20,0.0000,5.00,0,4.00,5
4,10,28,0.20,0.0000,5.60,0,5.00,5
4,10,26,0.20,0.0000,5.20,0,4.00,5
4,10,23,0.20,0.0000,4.60,0,4.00,5
4,10,21,0.20,0.0000,4.20,0,4.00,5
4,50,130,0.05,0.0000,5.20,0,24.00,25
4,50,121,0.05,0.0000,4.84,0,21.00,25
4,50,122,0.05,0.0000,4.88,0,23.00,25
4,50,121,0.05,0.0000,4.84,0,22.00,25
4,50,130,0.05,0.0000,5.20,0,22.00,25
4,50,122,0.05,0.0000,4.88,0,21.00,25
4,50,118,0.05,0.0000,4.72,0,22.00,25
4,50,124,0.05,0.0000,4.96,0,22.00,25
4,50,126,0.05,0.0000,5.04,0,22.00,25
4,50,124,0.05,0.0000,4.96,0,22.00,25
4,50,116,0.10,0.0000,4.64,0,23.00,25
4,50,129,0.10,0.0000,5.16,0,23.00,25
4,50,123,0.10,0.0000,4.92,0,23.00,25
4,50,121,0.10,0.0000,4.84,0,24.00,25
4,50,120,0.10,0.0000,4.80,0,20.00,25
4,50,118,0.10,0.0000,4.72,0,22.00,25
4,50,124,0.10,0.0000,4.96,0,22.00,25
4,50,122,0.10,0.0010,4.88,0,22.00,25
4,50,122,0.10,0.0000,4.88,0,22.00,25
4,50,126,0.10,0.0000,5.04,0,23.00,25
4,50,125,0.20,0.0000,5.00,0,24.00,25
4,50,119,0.20,0.0000,4.76,0,23.00,25
4,50,115,0.20,0.0000,4.60,0,23.00,25
4,50,125,0.20,0.0000,5.00,0,24.00,25
4,50,122,0.20,0.0010,4.88,0,24.00,25
4,50,127,0.20,0.0000,5.08,0,22.00,25
4,50,126,0.20,0.0000,5.04,0,23.00,25
4,50,120,0.20,0.0000,4.80,0,23.00,25
4,50,128,0.20,0.0000,5.12,0,24.00,25
4,50,123,0.20,0.0000,4.92,0,24.00,25
4,100,252,0.05,0.0000,5.04,0,46.00,50
4,100,238,0.05,0.0000,4.76,0,45.00,50
4,100,248,0.05,0.0000,4.96,0,45.00,50
4,100,245,0.05,0.0000,4.90,0,45.00,50
4,100,246,0.05,0.0000,4.92,0,44.00,50
4,100,247,0.05,0.0000,4.94,0,47.00,50
4,100,252,0.05,0.0000,5.04,0,45.00,50
4,100,249,0.05,0.0000,4.98,0,44.00,50
4,100,254,0.05,0.0000,5.08,0,46.00,50
4,100,248,0.05,0.0000,4.96,0,43.00,50
4,100,255,0.10,0.0000,5.10,0,44.00,50
4,100,240,0.10,0.0010,4.80,0,45.00,50
4,100,240,0.10,0.0000,4.80,0,44.00,50
4,100,251,0.10,0.0000,5.02,0,47.00,50
4,100,236,0.10,0.0000,4.72,0,46.00,50
4,100,247,0.10,0.0010,4.94,0,45.00,50
4,100,240,0.10,0.0000,4.80,0,45.00,50
4,100,244,0.10,0.0000,4.88,0,45.00,50
4,100,245,0.10,0.0000,4.90,0,46.00,50
4,100,243,0.10,0.0000,4.86,0,46.00,50
4,100,247,0.20,0.0000,4.94,0,43.00,50
4,100,239,0.20,0.0000,4.78,0,45.00,50
4,100,247,0.20,0.0010,4.94,0,44.00,50
4,100,244,0.20,0.0000,4.88,0,43.00,50
4,100,248,0.20,0.0000,4.96,0,46.00,50
4,100,246,0.20,0.0010,4.92,0,45.00,50
4,100,246,0.20,0.0010,4.92,0,44.00,50
4,100,248,0.20,0.0010,4.96,0,48.00,50
4,100,246,0.20,0.0000,4.92,0,43.00,50
4,100,248,0.20,0.0010,4.96,0,46.00,50
5,10,33,0.05,0.0000,6.60,0,4.00,5
5,10,32,0.05,0.0000,6.40,0,5.00,5
5,10,29,0.05,0.0000,5.80,0,4.00,5
5,10,30,0.05,0.0000,6.00,0,4.00,5
5,10,31,0.05,0.0000,6.20,0,5.00,5
5,10,30,0.05,0.0000,6.00,0,4.00,5
5,10,33,0.05,0.0000,6.60,0,5.00,5
5,10,31,0.05,0.0000,6.20,0,5.00,5
5,10,30,0.05,0.0000,6.00,0,5.00,5
5,10,30,0.05,0.0000,6.00,0,5.00,5
5,10,32,0.10,0.0000,6.40,0,5.00,5
5,10,31,0.10,0.0000,6.20,0,5.00,5
5,10,30,0.10,0.0000,6.00,0,4.00,5
5,10,30,0.10,0.0000,6.00,0,5.00,5
5,10,34,0.10,0.0000,6.80,0,4.00,5
5,10,31,0.10,0.0000,6.20,0,5.00,5
5,10,30,0.10,0.0000,6.00,0,5.00,5
5,10,30,0.10,0.0000,6.00,0,5.00,5
5,10,32,0.10,0.0000,6.40,0,5.00,5
5,10,32,0.10,0.0000,6.40,0,5.00,5
5,10,33,0.20,0.0000,6.60,0,5.00,5
5,10,29,0.20,0.0000,5.80,0,5.00,5
5,10,32,0.20,0.0000,6.40,0,4.00,5
5,10,31,0.20,0.0000,6.20,0,5.00,5
5,10,31,0.20,0.0000,6.20,0,5.00,5
5,10,31,0.20,0.0000,6.20,0,4.00,5
5,10,31,0.20,0.0000,6.20,0,5.00,5
5,10,30,0.20,0.0000,6.00,0,5.00,5
5,10,30,0.20,0.0000,6.00,0,5.00,5
5,10,27,0.20,0.0000,5.40,0,5.00,5
5,50,151,0.05,0.0010,6.04,0,22.00,25
5,50,151,0.05,0.0000,6.04,0,23.00,25
5,50,160,0.05,0.0000,6.40,0,24.00,25
5,50,153,0.05,0.0000,6.12,0,23.00,25
5,50,155,0.05,0.0000,6.20,0,24.00,25
5,50,156,0.05,0.0000,6.24,0,24.00,25
5,50,146,0.05,0.0000,5.84,0,21.00,25
5,50,148,0.05,0.0000,5.92,0,22.00,25
5,50,151,0.05,0.0010,6.04,0,23.00,25
5,50,155,0.05,0.0000,6.20,0,23.00,25
5,50,152,0.10,0.0000,6.08,0,23.00,25
5,50,155,0.10,0.0000,6.20,0,24.00,25
5,50,151,0.10,0.0000,6.04,0,23.00,25
5,50,152,0.10,0.0010,6.08,0,23.00,25
5,50,157,0.10,0.0000,6.28,0,23.00,25
5,50,151,0.10,0.0000,6.04,0,21.00,25
5,50,152,0.10,0.0000,6.08,0,23.00,25
5,50,157,0.10,0.0000,6.28,0,23.00,25
5,50,153,0.10,0.0000,6.12,0,22.00,25
5,50,149,0.10,0.0000,5.96,0,23.00,25
5,50,146,0.20,0.0000,5.84,0,24.00,25
5,50,153,0.20,0.0000,6.12,0,22.00,25
5,50,153,0.20,0.0000,6.12,0,23.00,25
5,50,152,0.20,0.0000,6.08,0,23.00,25
5,50,154,0.20,0.0000,6.16,0,22.00,25
5,50,153,0.20,0.0000,6.12,0,24.00,25
5,50,153,0.20,0.0000,6.12,0,23.00,25
5,50,158,0.20,0.0000,6.32,0,23.00,25
5,50,148,0.20,0.0000,5.92,0,22.00,25
5,50,152,0.20,0.0010,6.08,0,22.00,25
5,100,304,0.05,0.0010,6.08,0,46.00,50
5,100,301,0.05,0.0010,6.02,0,44.00,50
5,100,308,0.05,0.0010,6.16,0,46.00,50
5,100,314,0.05,0.0000,6.28,0,48.00,50
5,100,299,0.05,0.0010,5.98,0,45.00,50
5,100,305,0.05,0.0000,6.10,0,45.00,50
5,100,300,0.05,0.0000,6.00,0,46.00,50
5,100,313,0.05,0.0000,6.26,0,46.00,50
5,100,311,0.05,0.0000,6.22,0,46.00,50
5,100,298,0.05,0.0000,5.96,0,48.00,50
5,100,306,0.10,0.0000,6.12,0,46.00,50
5,100,300,0.10,0.0010,6.00,0,47.00,50
5,100,305,0.10,0.0000,6.10,0,46.00,50
5,100,301,0.10,0.0000,6.02,0,46.00,50
5,100,305,0.10,0.0010,6.10,0,47.00,50
5,100,306,0.10,0.0000,6.12,0,47.00,50
5,100,301,0.10,0.0000,6.02,0,44.00,50
5,100,299,0.10,0.0010,5.98,0,47.00,50
5,100,304,0.10,0.0010,6.08,0,47.00,50
5,100,299,0.10,0.0010,5.98,0,48.00,50
5,100,312,0.20,0.0000,6.24,0,44.00,50
5,100,305,0.20,0.0000,6.10,0,45.00,50
5,100,304,0.20,0.0010,6.08,0,46.00,50
5,100,299,0.20,0.0010,5.98,0,45.00,50
5,100,313,0.20,0.0000,6.26,0,46.00,50
5,100,307,0.20,0.0000,6.14,0,46.00,50
5,100,304,0.20,0.0000,6.08,0,46.00,50
5,100,300,0.20,0.0000,6.00,0,47.00,50
5,100,315,0.20,0.0000,6.30,0,46.00,50
5,100,306,0.20,0.0000,6.12,0,46.00,50
6,10,36,0.05,0.0000,7.20,0,5.00,5
6,10,36,0.05,0.0000,7.20,0,5.00,5
6,10,36,0.05,0.0000,7.20,0,4.00,5
6,10,38,0.05,0.0000,7.60,0,5.00,5
6,10,35,0.05,0.0000,7.00,0,4.00,5
6,10,37,0.05,0.0000,7.40,0,5.00,5
6,10,36,0.05,0.0000,7.20,0,4.00,5
6,10,36,0.05,0.0000,7.20,0,5.00,5
6,10,37,0.05,0.0000,7.40,0,5.00,5
6,10,36,0.05,0.0000,7.20,0,4.00,5
6,10,37,0.10,0.0000,7.40,0,5.00,5
6,10,37,0.10,0.0000,7.40,0,5.00,5
6,10,37,0.10,0.0010,7.40,0,5.00,5
6,10,38,0.10,0.0000,7.60,0,5.00,5
6,10,37,0.10,0.0000,7.40,0,4.00,5
6,10,36,0.10,0.0000,7.20,0,5.00,5
6,10,36,0.10,0.0000,7.20,0,5.00,5
6,10,36,0.10,0.0000,7.20,0,5.00,5
6,10,36,0.10,0.0000,7.20,0,5.00,5
6,10,37,0.10,0.0000,7.40,0,5.00,5
6,10,37,0.20,0.0000,7.40,0,5.00,5
6,10,35,0.20,0.0000,7.00,0,5.00,5
6,10,36,0.20,0.0000,7.20,0,5.00,5
6,10,36,0.20,0.0000,7.20,0,5.00,5
6,10,37,0.20,0.0000,7.40,0,5.00,5
6,10,38,0.20,0.0000,7.60,0,4.00,5
6,10,36,0.20,0.0000,7.20,0,5.00,5
6,10,36,0.20,0.0000,7.20,0,5.00,5
6,10,36,0.20,0.0000,7.20,0,5.00,5
6,10,35,0.20,0.0000,7.00,0,4.00,5
6,50,185,0.05,0.0010,7.40,0,23.00,25
6,50,187,0.05,0.0010,7.48,0,23.00,25
6,50,184,0.05,0.0000,7.36,0,24.00,25
6,50,181,0.05,0.0000,7.24,0,23.00,25
6,50,190,0.05,0.0000,7.60,0,22.00,25
6,50,188,0.05,0.0010,7.52,0,24.00,25
6,50,184,0.05,0.0000,7.36,0,23.00,25
6,50,187,0.05,0.0000,7.48,0,23.00,25
6,50,180,0.05,0.0000,7.20,0,24.00,25
6,50,183,0.05,0.0000,7.32,0,24.00,25
6,50,179,0.10,0.0000,7.16,0,23.00,25
6,50,177,0.10,0.0000,7.08,0,22.00,25
6,50,176,0.10,0.0000,7.04,0,22.00,25
6,50,180,0.10,0.0000,7.20,0,24.00,25
6,50,179,0.10,0.0000,7.16,0,23.00,25
6,50,183,0.10,0.0010,7.32,0,24.00,25
6,50,181,0.10,0.0000,7.24,0,23.00,25
6,50,178,0.10,0.0000,7.12,0,22.00,25
6,50,180,0.10,0.0000,7.20,0,23.00,25
6,50,182,0.10,0.0000,7.28,0,24.00,25
6,50,183,0.20,0.0000,7.32,0,23.00,25
6,50,175,0.20,0.0000,7.00,0,23.00,25
6,50,176,0.20,0.0010,7.04,0,22.00,25
6,50,184,0.20,0.0000,7.36,0,24.00,25
6,50,181,0.20,0.0010,7.24,0,23.00,25
6,50,178,0.20,0.0000,7.12,0,23.00,25
6,50,178,0.20,0.0010,7.12,0,23.00,25
6,50,178,0.20,0.0000,7.12,0,24.00,25
6,50,176,0.20,0.0000,7.04,0,23.00,25
6,50,182,0.20,0.0000,7.28,0,24.00,25
6,100,350,0.05,0.0000,7.00,0,46.00,50
6,100,364,0.05,0.0010,7.28,0,47.00,50
6,100,358,0.05,0.0010,7.16,0,48.00,50
6,100,361,0.05,0.0000,7.22,0,45.00,50
6,100,368,0.05,0.0000,7.36,0,44.00,50
6,100,372,0.05,0.0000,7.44,0,46.00,50
6,100,362,0.05,0.0000,7.24,0,47.00,50
6,100,353,0.05,0.0010,7.06,0,47.00,50
6,100,359,0.05,0.0000,7.18,0,44.00,50
6,100,363,0.05,0.0010,7.26,0,47.00,50
6,100,358,0.10,0.0000,7.16,0,47.00,50
6,100,361,0.10,0.0010,7.22,0,46.00,50
6,100,363,0.10,0.0010,7.26,0,48.00,50
6,100,358,0.10,0.0000,7.16,0,48.00,50
6,100,350,0.10,0.0000,7.00,0,47.00,50
6,100,363,0.10,0.0010,7.26,0,46.00,50
6,100,354,0.10,0.0000,7.08,0,47.00,50
6,100,358,0.10,0.0000,7.16,0,48.00,50
6,100,353,0.10,0.0000,7.06,0,46.00,50
6,100,366,0.10,0.0000,7.32,0,47.00,50
6,100,376,0.20,0.0000,7.52,0,47.00,50
6,100,353,0.20,0.0000,7.06,0,45.00,50
6,100,364,0.20,0.0010,7.28,0,45.00,50
6,100,363,0.20,0.0010,7.26,0,47.00,50
6,100,365,0.20,0.0000,7.30,0,46.00,50
6,100,361,0.20,0.0000,7.22,0,48.00,50
6,100,363,0.20,0.0000,7.26,0,48.00,50
6,100,372,0.20,0.0000,7.44,0,48.00,50
6,100,356,0.20,0.0010,7.12,0,46.00,50
6,100,359,0.20,0.0000,7.18,0,48.00,50
7,10,40,0.05,0.0000,8.00,0,5.00,5
7,10,40,0.05,0.0000,8.00,0,5.00,5
7,10,41,0.05,0.0000,8.20,0,5.00,5
7,10,41,0.05,0.0000,8.20,0,5.00,5
7,10,41,0.05,0.0000,8.20,0,4.00,5
7,10,39,0.05,0.0000,7.80,0,5.00,5
7,10,40,0.05,0.0000,8.00,0,5.00,5
7,10,41,0.05,0.0000,8.20,0,5.00,5
7,10,40,0.05,0.0000,8.00,0,5.00,5
7,10,40,0.05,0.0000,8.00,0,5.00,5
7,10,41,0.10,0.0000,8.20,0,5.00,5
7,10,40,0.10,0.0000,8.00,0,5.00,5
7,10,41,0.10,0.0000,8.20,0,5.00,5
7,10,42,0.10,0.0000,8.40,0,5.00,5
7,10,40,0.10,0.0000,8.00,0,5.00,5
7,10,41,0.10,0.0000,8.20,0,5.00,5
7,10,38,0.10,0.0000,7.60,0,5.00,5
7,10,41,0.10,0.0000,8.20,0,5.00,5
7,10,41,0.10,0.0000,8.20,0,5.00,5
7,10,41,0.10,0.0000,8.20,0,5.00,5
7,10,40,0.20,0.0000,8.00,0,5.00,5
7,10,40,0.20,0.0000,8.00,0,5.00,5
7,10,41,0.20,0.0000,8.20,0,5.00,5
7,10,41,0.20,0.0000,8.20,0,5.00,5
7,10,41,0.20,0.0000,8.20,0,5.00,5
7,10,41,0.20,0.0000,8.20,0,5.00,5
7,10,41,0.20,0.0000,8.20,0,5.00,5
7,10,40,0.20,0.0000,8.00,0,4.00,5
7,10,41,0.20,0.0000,8.20,0,5.00,5
7,10,39,0.20,0.0000,7.80,0,5.00,5
7,50,211,0.05,0.0010,8.44,0,24.00,25
7,50,206,0.05,0.0000,8.24,0,23.00,25
7,50,204,0.05,0.0000,8.16,0,24.00,25
7,50,203,0.05,0.0000,8.12,0,23.00,25
7,50,201,0.05,0.0010,8.04,0,24.00,25
7,50,215,0.05,0.0000,8.60,0,24.00,25
7,50,216,0.05,0.0000,8.64,0,24.00,25
7,50,211,0.05,0.0000,8.44,0,24.00,25
7,50,210,0.05,0.0000,8.40,0,24.00,25
7,50,210,0.05,0.0000,8.40,0,24.00,25
7,50,212,0.10,0.0010,8.48,0,24.00,25
7,50,201,0.10,0.0000,8.04,0,23.00,25
7,50,207,0.10,0.0000,8.28,0,23.00,25
7,50,216,0.10,0.0000,8.64,0,24.00,25
7,50,205,0.10,0.0000,8.20,0,22.00,25
7,50,210,0.10,0.0000,8.40,0,24.00,25
7,50,210,0.10,0.0000,8.40,0,23.00,25
7,50,211,0.10,0.0000,8.44,0,23.00,25
7,50,223,0.10,0.0000,8.92,0,23.00,25
7,50,221,0.10,0.0000,8.84,0,24.00,25
7,50,211,0.20,0.0000,8.44,0,23.00,25
7,50,208,0.20,0.0000,8.32,0,23.00,25
7,50,200,0.20,0.0000,8.00,0,24.00,25
7,50,201,0.20,0.0000,8.04,0,24.00,25
7,50,204,0.20,0.0000,8.16,0,24.00,25
7,50,212,0.20,0.0000,8.48,0,23.00,25
7,50,209,0.20,0.0000,8.36,0,24.00,25
7,50,214,0.20,0.0010,8.56,0,23.00,25
7,50,206,0.20,0.0000,8.24,0,23.00,25
7,50,214,0.20,0.0000,8.56,0,23.00,25
7,100,418,0.05,0.0010,8.36,0,46.00,50
7,100,420,0.05,0.0000,8.40,0,46.00,50
7,100,414,0.05,0.0000,8.28,0,46.00,50
7,100,423,0.05,0.0010,8.46,0,45.00,50
7,100,422,0.05,0.0000,8.44,0,49.00,50
7,100,410,0.05,0.0010,8.20,0,47.00,50
7,100,418,0.05,0.0010,8.36,0,46.00,50
7,100,406,0.05,0.0010,8.12,0,48.00,50
7,100,414,0.05,0.0010,8.28,0,48.00,50
7,100,413,0.05,0.0010,8.26,0,47.00,50
7,100,408,0.10,0.0000,8.16,0,47.00,50
7,100,418,0.10,0.0010,8.36,0,48.00,50
7,100,415,0.10,0.0010,8.30,0,47.00,50
7,100,414,0.10,0.0010,8.28,0,48.00,50
7,100,416,0.10,0.0010,8.32,0,47.00,50
7,100,408,0.10,0.0000,8.16,0,46.00,50
7,100,413,0.10,0.0010,8.26,0,47.00,50
7,100,409,0.10,0.0000,8.18,0,46.00,50
7,100,408,0.10,0.0000,8.16,0,46.00,50
7,100,403,0.10,0.0000,8.06,0,47.00,50
7,100,413,0.20,0.0000,8.26,0,46.00,50
7,100,422,0.20,0.0000,8.44,0,47.00,50
7,100,431,0.20,0.0010,8.62,0,48.00,50
7,100,420,0.20,0.0010,8.40,0,47.00,50
7,100,422,0.20,0.0000,8.44,0,47.00,50
7,100,412,0.20,0.0010,8.24,0,46.00,50
7,100,416,0.20,0.0000,8.32,0,47.00,50
7,100,419,0.20,0.0010,8.38,0,47.00,50
7,100,414,0.20,0.0010,8.28,0,46.00,50
7,100,411,0.20,0.0000,8.22,0,47.00,50
8,10,43,0.05,0.0000,8.60,0,5.00,5
8,10,43,0.05,0.0000,8.60,0,5.00,5
8,10,44,0.05,0.0000,8.80,0,5.00,5
8,10,44,0.05,0.0000,8.80,0,5.00,5
8,10,43,0.05,0.0000,8.60,0,5.00,5
8,10,44,0.05,0.0000,8.80,0,5.00,5
8,10,43,0.05,0.0000,8.60,0,5.00,5
8,10,44,0.05,0.0000,8.80,0,5.00,5
8,10,44,0.05,0.0000,8.80,0,5.00,5
8,10,44,0.05,0.0000,8.80,0,5.00,5
8,10,43,0.10,0.0000,8.60,0,5.00,5
8,10,44,0.10,0.0000,8.80,0,5.00,5
8,10,43,0.10,0.0000,8.60,0,5.00,5
8,10,44,0.10,0.0000,8.80,0,5.00,5
8,10,42,0.10,0.0000,8.40,0,5.00,5
8,10,44,0.10,0.0000,8.80,0,5.00,5
8,10,43,0.10,0.0000,8.60,0,5.00,5
8,10,44,0.10,0.0000,8.80,0,5.00,5
8,10,43,0.10,0.0000,8.60,0,5.00,5
8,10,44,0.10,0.0000,8.80,0,5.00,5
8,10,44,0.20,0.0000,8.80,0,5.00,5
8,10,43,0.20,0.0000,8.60,0,5.00,5
8,10,43,0.20,0.0000,8.60,0,5.00,5
8,10,44,0.20,0.0000,8.80,0,5.00,5
8,10,43,0.20,0.0000,8.60,0,5.00,5
8,10,44,0.20,0.0000,8.80,0,5.00,5
8,10,44,0.20,0.0000,8.80,0,5.00,5
8,10,44,0.20,0.0000,8.80,0,5.00,5
8,10,44,0.20,0.0000,8.80,0,5.00,5
8,10,44,0.20,0.0000,8.80,0,5.00,5
8,50,236,0.05,0.0000,9.44,0,24.00,25
8,50,241,0.05,0.0000,9.64,0,23.00,25
8,50,234,0.05,0.0000,9.36,0,23.00,25
8,50,246,0.05,0.0010,9.84,0,24.00,25
8,50,239,0.05,0.0010,9.56,0,24.00,25
8,50,240,0.05,0.0000,9.60,0,25.00,25
8,50,233,0.05,0.0010,9.32,0,23.00,25
8,50,242,0.05,0.0000,9.68,0,25.00,25
8,50,228,0.05,0.0010,9.12,0,24.00,25
8,50,240,0.05,0.0000,9.60,0,24.00,25
8,50,236,0.10,0.0000,9.44,0,23.00,25
8,50,230,0.10,0.0010,9.20,0,24.00,25
8,50,248,0.10,0.0000,9.92,0,24.00,25
8,50,238,0.10,0.0000,9.52,0,23.00,25
8,50,230,0.10,0.0000,9.20,0,23.00,25
8,50,235,0.10,0.0010,9.40,0,25.00,25
8,50,237,0.10,0.0000,9.48,0,23.00,25
8,50,237,0.10,0.0000,9.48,0,24.00,25
8,50,236,0.10,0.0000,9.44,0,23.00,25
8,50,238,0.10,0.0000,9.52,0,23.00,25
8,50,237,0.20,0.0000,9.48,0,24.00,25
8,50,249,0.20,0.0000,9.96,0,22.00,25
8,50,247,0.20,0.0000,9.88,0,24.00,25
8,50,234,0.20,0.0000,9.36,0,23.00,25
8,50,228,0.20,0.0000,9.12,0,24.00,25
8,50,244,0.20,0.0000,9.76,0,23.00,25
8,50,241,0.20,0.0000,9.64,0,23.00,25
8,50,255,0.20,0.0010,10.20,0,24.00,25
8,50,249,0.20,0.0000,9.96,0,23.00,25
8,50,241,0.20,0.0000,9.64,0,23.00,25
8,100,474,0.05,0.0010,9.48,0,47.00,50
8,100,477,0.05,0.0010,9.54,0,47.00,50
8,100,474,0.05,0.0010,9.48,0,47.00,50
8,100,473,0.05,0.0010,9.46,0,49.00,50
8,100,491,0.05,0.0000,9.82,0,47.00,50
8,100,469,0.05,0.0000,9.38,0,47.00,50
8,100,484,0.05,0.0000,9.68,0,47.00,50
8,100,488,0.05,0.0010,9.76,0,48.00,50
8,100,488,0.05,0.0000,9.76,0,48.00,50
8,100,475,0.05,0.0000,9.50,0,48.00,50
8,100,471,0.10,0.0010,9.42,0,47.00,50
8,100,485,0.10,0.0000,9.70,0,47.00,50
8,100,480,0.10,0.0010,9.60,0,47.00,50
8,100,467,0.10,0.0010,9.34,0,47.00,50
8,100,479,0.10,0.0000,9.58,0,48.00,50
8,100,483,0.10,0.0000,9.66,0,47.00,50
8,100,482,0.10,0.0010,9.64,0,48.00,50
8,100,479,0.10,0.0000,9.58,0,47.00,50
8,100,479,0.10,0.0010,9.58,0,47.00,50
8,100,482,0.10,0.0000,9.64,0,45.00,50
8,100,477,0.20,0.0010,9.54,0,46.00,50
8,100,462,0.20,0.0010,9.24,0,47.00,50
8,100,471,0.20,0.0010,9.42,0,49.00,50
8,100,476,0.20,0.0000,9.52,0,47.00,50
8,100,471,0.20,0.0000,9.42,0,48.00,50
8,100,466,0.20,0.0010,9.32,0,47.00,50
8,100,479,0.20,0.0010,9.58,0,46.00,50
8,100,482,0.20,0.0010,9.64,0,48.00,50
8,100,491,0.20,0.0010,9.82,0,47.00,50
8,100,478,0.20,0.0010,9.56,0,48.00,50
9,10,45,0.05,0.0000,9.00,0,5.00,5
9,10,45,0.05,0.0000,9.00,0,5.00,5
9,10,45,0.05,0.0000,9.00,0,5.00,5
9,10,45,0.05,0.0000,9.00,0,5.00,5
9,10,45,0.05,0.0000,9.00,0,5.00,5
9,10,45,0.05,0.0000,9.00,0,5.00,5
9,10,45,0.05,0.0000,9.00,0,5.00,5
9,10,45,0.05,0.0000,9.00,0,5.00,5
9,10,45,0.05,0.0000,9.00,0,5.00,5
9,10,45,0.05,0.0000,9.00,0,5.00,5
9,10,45,0.10,0.0000,9.00,0,5.00,5
9,10,45,0.10,0.0000,9.00,0,5.00,5
9,10,45,0.10,0.0000,9.00,0,5.00,5
9,10,45,0.10,0.0000,9.00,0,5.00,5
9,10,45,0.10,0.0000,9.00,0,5.00,5
9,10,45,0.10,0.0000,9.00,0,5.00,5
9,10,45,0.10,0.0000,9.00,0,5.00,5
9,10,45,0.10,0.0000,9.00,0,5.00,5
9,10,45,0.10,0.0000,9.00,0,5.00,5
9,10,45,0.10,0.0000,9.00,0,5.00,5
9,10,45,0.20,0.0000,9.00,0,5.00,5
9,10,45,0.20,0.0000,9.00,0,5.00,5
9,10,45,0.20,0.0000,9.00,0,5.00,5
9,10,45,0.20,0.0000,9.00,0,5.00,5
9,10,45,0.20,0.0000,9.00,0,5.00,5
9,10,45,0.20,0.0000,9.00,0,5.00,5
9,10,45,0.20,0.0000,9.00,0,5.00,5
9,10,45,0.20,0.0000,9.00,0,5.00,5
9,10,45,0.20,0.0000,9.00,0,5.00,5
9,10,45,0.20,0.0000,9.00,0,5.00,5
9,50,273,0.05,0.0000,10.92,0,24.00,25
9,50,266,0.05,0.0000,10.64,0,24.00,25
9,50,267,0.05,0.0000,10.68,0,24.00,25
9,50,266,0.05,0.0000,10.64,0,24.00,25
9,50,265,0.05,0.0000,10.60,0,24.00,25
9,50,272,0.05,0.0000,10.88,0,24.00,25
9,50,268,0.05,0.0000,10.72,0,24.00,25
9,50,262,0.05,0.0000,10.48,0,24.00,25
9,50,268,0.05,0.0000,10.72,0,24.00,25
9,50,266,0.05,0.0000,10.64,0,24.00,25
9,50,271,0.10,0.0000,10.84,0,23.00,25
9,50,274,0.10,0.0000,10.96,0,24.00,25
9,50,272,0.10,0.0000,10.88,0,24.00,25
9,50,272,0.10,0.0000,10.88,0,24.00,25
9,50,266,0.10,0.0000,10.64,0,22.00,25
9,50,273,0.10,0.0000,10.92,0,23.00,25
9,50,266,0.10,0.0010,10.64,0,24.00,25
9,50,262,0.10,0.0000,10.48,0,23.00,25
9,50,278,0.10,0.0000,11.12,0,23.00,25
9,50,259,0.10,0.0010,10.36,0,23.00,25
9,50,266,0.20,0.0000,10.64,0,23.00,25
9,50,266,0.20,0.0000,10.64,0,24.00,25
9,50,269,0.20,0.0000,10.76,0,24.00,25
9,50,284,0.20,0.0000,11.36,0,24.00,25
9,50,271,0.20,0.0000,10.84,0,25.00,25
9,50,274,0.20,0.0000,10.96,0,23.00,25
9,50,262,0.20,0.0000,10.48,0,23.00,25
9,50,266,0.20,0.0000,10.64,0,25.00,25
9,50,268,0.20,0.0010,10.72,0,22.00,25
9,50,259,0.20,0.0000,10.36,0,24.00,25
9,100,537,0.05,0.0000,10.74,0,48.00,50
9,100,522,0.05,0.0000,10.44,0,47.00,50
9,100,523,0.05,0.0000,10.46,0,49.00,50
9,100,536,0.05,0.0010,10.72,0,48.00,50
9,100,545,0.05,0.0000,10.90,0,48.00,50
9,100,537,0.05,0.0010,10.74,0,49.00,50
9,100,531,0.05,0.0000,10.62,0,48.00,50
9,100,539,0.05,0.0010,10.78,0,46.00,50
9,100,520,0.05,0.0010,10.40,0,47.00,50
9,100,523,0.05,0.0000,10.46,0,47.00,50
9,100,548,0.10,0.0000,10.96,0,48.00,50
9,100,538,0.10,0.0010,10.76,0,48.00,50
9,100,531,0.10,0.0010,10.62,0,47.00,50
9,100,519,0.10,0.0000,10.38,0,47.00,50
9,100,524,0.10,0.0010,10.48,0,47.00,50
9,100,530,0.10,0.0000,10.60,0,47.00,50
9,100,546,0.10,0.0010,10.92,0,47.00,50
9,100,530,0.10,0.0010,10.60,0,47.00,50
9,100,527,0.10,0.0010,10.54,0,47.00,50
9,100,527,0.10,0.0010,10.54,0,48.00,50
9,100,552,0.20,0.0000,11.04,0,47.00,50
9,100,550,0.20,0.0000,11.00,0,49.00,50
9,100,524,0.20,0.0000,10.48,0,46.00,50
9,100,518,0.20,0.0000,10.36,0,45.00,50
9,100,540,0.20,0.0010,10.80,0,49.00,50
9,100,539,0.20,0.0010,10.78,0,48.00,50
9,100,526,0.20,0.0000,10.52,0,47.00,50
9,100,526,0.20,0.0000,10.52,0,48.00,50
9,100,537,0.20,0.0010,10.74,0,46.00,50
9,100,530,0.20,0.0000,10.60,0,47.00,50
10,10,45,0.05,0.0000,9.00,0,5.00,5
10,10,45,0.05,0.0000,9.00,0,5.00,5
10,10,45,0.05,0.0000,9.00,0,5.00,5
10,10,45,0.05,0.0000,9.00,0,5.00,5
10,10,45,0.05,0.0000,9.00,0,5.00,5
10,10,45,0.05,0.0000,9.00,0,5.00,5
10,10,45,0.05,0.0000,9.00,0,5.00,5
10,10,45,0.05,0.0000,9.00,0,5.00,5
10,10,45,0.05,0.0000,9.00,0,5.00,5
10,10,45,0.05,0.0000,9.00,0,5.00,5
10,10,45,0.10,0.0000,9.00,0,5.00,5
10,10,45,0.10,0.0000,9.00,0,5.00,5
10,10,45,0.10,0.0000,9.00,0,5.00,5
10,10,45,0.10,0.0010,9.00,0,5.00,5
10,10,45,0.10,0.0000,9.00,0,5.00,5
10,10,45,0.10,0.0000,9.00,0,5.00,5
10,10,45,0.10,0.0000,9.00,0,5.00,5
10,10,45,0.10,0.0000,9.00,0,5.00,5
10,10,45,0.10,0.0000,9.00,0,5.00,5
10,10,45,0.10,0.0000,9.00,0,5.00,5
10,10,45,0.20,0.0000,9.00,0,5.00,5
10,10,45,0.20,0.0000,9.00,0,5.00,5
10,10,45,0.20,0.0000,9.00,0,5.00,5
10,10,45,0.20,0.0000,9.00,0,5.00,5
10,10,45,0.20,0.0000,9.00,0,5.00,5
10,10,45,0.20,0.0000,9.00,0,5.00,5
10,10,45,0.20,0.0000,9.00,0,5.00,5
10,10,45,0.20,0.0000,9.00,0,5.00,5
10,10,45,0.20,0.0000,9.00,0,5.00,5
10,10,45,0.20,0.0000,9.00,0,5.00,5
10,50,292,0.05,0.0000,11.68,0,23.00,25
10,50,289,0.05,0.0000,11.56,0,24.00,25
10,50,303,0.05,0.0000,12.12,0,23.00,25
10,50,312,0.05,0.0000,12.48,0,24.00,25
10,50,307,0.05,0.0000,12.28,0,24.00,25
10,50,290,0.05,0.0010,11.60,0,24.00,25
10,50,285,0.05,0.0000,11.40,0,23.00,25
10,50,312,0.05,0.0010,12.48,0,24.00,25
10,50,295,0.05,0.0000,11.80,0,24.00,25
10,50,301,0.05,0.0010,12.04,0,24.00,25
10,50,291,0.10,0.0000,11.64,0,25.00,25
10,50,286,0.10,0.0000,11.44,0,23.00,25
10,50,309,0.10,0.0000,12.36,0,24.00,25
10,50,295,0.10,0.0000,11.80,0,24.00,25
10,50,315,0.10,0.0000,12.60,0,25.00,25
10,50,304,0.10,0.0000,12.16,0,25.00,25
10,50,303,0.10,0.0010,12.12,0,24.00,25
10,50,299,0.10,0.0000,11.96,0,23.00,25
10,50,292,0.10,0.0000,11.68,0,24.00,25
10,50,295,0.10,0.0000,11.80,0,24.00,25
10,50,310,0.20,0.0000,12.40,0,24.00,25
10,50,308,0.20,0.0000,12.32,0,23.00,25
10,50,304,0.20,0.0000,12.16,0,24.00,25
10,50,295,0.20,0.0010,11.80,0,25.00,25
10,50,300,0.20,0.0000,12.00,0,23.00,25
10,50,288,0.20,0.0000,11.52,0,23.00,25
10,50,304,0.20,0.0010,12.16,0,24.00,25
10,50,298,0.20,0.0010,11.92,0,24.00,25
10,50,303,0.20,0.0000,12.12,0,24.00,25
10,50,291,0.20,0.0000,11.64,0,23.00,25
10,100,581,0.05,0.0010,11.62,0,47.00,50
10,100,589,0.05,0.0010,11.78,0,49.00,50
10,100,587,0.05,0.0010,11.74,0,48.00,50
10,100,590,0.05,0.0010,11.80,0,48.00,50
10,100,587,0.05,0.0000,11.74,0,49.00,50
10,100,589,0.05,0.0010,11.78,0,48.00,50
10,100,595,0.05,0.0010,11.90,0,48.00,50
10,100,594,0.05,0.0010,11.88,0,49.00,50
10,100,571,0.05,0.0010,11.42,0,48.00,50
10,100,584,0.05,0.0010,11.68,0,49.00,50
10,100,584,0.10,0.0009,11.68,0,48.00,50
10,100,590,0.10,0.0010,11.80,0,48.00,50
10,100,614,0.10,0.0010,12.28,0,47.00,50
10,100,589,0.10,0.0010,11.78,0,48.00,50
10,100,591,0.10,0.0000,11.82,0,47.00,50
10,100,597,0.10,0.0000,11.94,0,47.00,50
10,100,576,0.10,0.0000,11.52,0,49.00,50
10,100,600,0.10,0.0000,12.00,0,49.00,50
10,100,581,0.10,0.0000,11.62,0,49.00,50
10,100,573,0.10,0.0000,11.46,0,47.00,50
10,100,594,0.20,0.0010,11.88,0,48.00,50
10,100,584,0.20,0.0010,11.68,0,49.00,50
10,100,582,0.20,0.0010,11.64,0,48.00,50
10,100,582,0.20,0.0000,11.64,0,48.00,50
10,100,580,0.20,0.0000,11.60,0,48.00,50
10,100,576,0.20,0.0010,11.52,0,48.00,50
10,100,597,0.20,0.0010,11.94,0,48.00,50
10,100,590,0.20,0.0000,11.80,0,48.00,50
10,100,583,0.20,0.0000,11.66,0,46.00,50
10,100,583,0.20,0.0010,11.66,0,48.00,50
20,10,45,0.05,0.0000,9.00,0,5.00,5
20,10,45,0.05,0.0000,9.00,0,5.00,5
20,10,45,0.05,0.0000,9.00,0,5.00,5
20,10,45,0.05,0.0000,9.00,0,5.00,5
20,10,45,0.05,0.0010,9.00,0,5.00,5
20,10,45,0.05,0.0000,9.00,0,5.00,5
20,10,45,0.05,0.0000,9.00,0,5.00,5
20,10,45,0.05,0.0000,9.00,0,5.00,5
20,10,45,0.05,0.0000,9.00,0,5.00,5
20,10,45,0.05,0.0000,9.00,0,5.00,5
20,10,45,0.10,0.0000,9.00,0,5.00,5
20,10,45,0.10,0.0000,9.00,0,5.00,5
20,10,45,0.10,0.0000,9.00,0,5.00,5
20,10,45,0.10,0.0000,9.00,0,5.00,5
20,10,45,0.10,0.0000,9.00,0,5.00,5
20,10,45,0.10,0.0000,9.00,0,5.00,5
20,10,45,0.10,0.0000,9.00,0,5.00,5
20,10,45,0.10,0.0000,9.00,0,5.00,5
20,10,45,0.10,0.0000,9.00,0,5.00,5
20,10,45,0.10,0.0000,9.00,0,5.00,5
20,10,45,0.20,0.0000,9.00,0,5.00,5
20,10,45,0.20,0.0000,9.00,0,5.00,5
20,10,45,0.20,0.0000,9.00,0,5.00,5
20,10,45,0.20,0.0000,9.00,0,5.00,5
20,10,45,0.20,0.0000,9.00,0,5.00,5
20,10,45,0.20,0.0000,9.00,0,5.00,5
20,10,45,0.20,0.0000,9.00,0,5.00,5
20,10,45,0.20,0.0000,9.00,0,5.00,5
20,10,45,0.20,0.0000,9.00,0,5.00,5
20,10,45,0.20,0.0000,9.00,0,5.00,5
20,50,622,0.05,0.0000,24.88,0,25.00,25
20,50,604,0.05,0.0000,24.16,0,25.00,25
20,50,597,0.05,0.0000,23.88,0,25.00,25
20,50,589,0.05,0.0010,23.56,0,25.00,25
20,50,597,0.05,0.0000,23.88,0,24.00,25
20,50,597,0.05,0.0000,23.88,0,24.00,25
20,50,600,0.05,0.0000,24.00,0,25.00,25
20,50,622,0.05,0.0000,24.88,0,24.00,25
20,50,618,0.05,0.0000,24.72,0,25.00,25
20,50,610,0.05,0.0000,24.40,0,24.00,25
20,50,607,0.10,0.0010,24.28,0,24.00,25
20,50,618,0.10,0.0000,24.72,0,25.00,25
20,50,612,0.10,0.0000,24.48,0,24.00,25
20,50,617,0.10,0.0000,24.68,0,24.00,25
20,50,614,0.10,0.0000,24.56,0,24.00,25
20,50,606,0.10,0.0000,24.24,0,24.00,25
20,50,598,0.10,0.0010,23.92,0,24.00,25
20,50,581,0.10,0.0000,23.24,0,24.00,25
20,50,582,0.10,0.0000,23.28,0,24.00,25
20,50,607,0.10,0.0000,24.28,0,25.00,25
20,50,605,0.20,0.0000,24.20,0,24.00,25
20,50,600,0.20,0.0000,24.00,0,25.00,25
20,50,598,0.20,0.0000,23.92,0,24.00,25
20,50,600,0.20,0.0000,24.00,0,24.00,25
20,50,595,0.20,0.0000,23.80,0,24.00,25
20,50,612,0.20,0.0000,24.48,0,25.00,25
20,50,636,0.20,0.0000,25.44,0,25.00,25
20,50,625,0.20,0.0000,25.00,0,25.00,25
20,50,604,0.20,0.0000,24.16,0,25.00,25
20,50,588,0.20,0.0010,23.52,0,25.00,25
20,100,1167,0.05,0.0010,23.34,0,49.00,50
20,100,1149,0.05,0.0000,22.98,0,48.00,50
20,100,1141,0.05,0.0010,22.82,0,49.00,50
20,100,1185,0.05,0.0010,23.70,0,48.00,50
20,100,1130,0.05,0.0010,22.60,0,49.00,50
20,100,1177,0.05,0.0010,23.54,0,48.00,50
20,100,1169,0.05,0.0000,23.38,0,49.00,50
20,100,1160,0.05,0.0010,23.20,0,48.00,50
20,100,1150,0.05,0.0000,23.00,0,49.00,50
20,100,1139,0.05,0.0010,22.78,0,49.00,50
20,100,1200,0.10,0.0000,24.00,0,50.00,50
20,100,1166,0.10,0.0010,23.32,0,50.00,50
20,100,1192,0.10,0.0000,23.84,0,49.00,50
20,100,1144,0.10,0.0010,22.88,0,48.00,50
20,100,1181,0.10,0.0000,23.62,0,49.00,50
20,100,1183,0.10,0.0000,23.66,0,49.00,50
20,100,1179,0.10,0.0010,23.58,0,49.00,50
20,100,1192,0.10,0.0000,23.84,0,49.00,50
20,100,1169,0.10,0.0000,23.38,0,49.00,50
20,100,1181,0.10,0.0000,23.62,0,48.00,50
20,100,1163,0.20,0.0000,23.26,0,49.00,50
20,100,1158,0.20,0.0000,23.16,0,49.00,50
20,100,1154,0.20,0.0010,23.08,0,49.00,50
20,100,1164,0.20,0.0000,23.28,0,49.00,50
20,100,1205,0.20,0.0010,24.10,0,49.00,50
20,100,1171,0.20,0.0000,23.42,0,49.00,50
20,100,1140,0.20,0.0000,22.80,0,49.00,50
20,100,1173,0.20,0.0010,23.46,0,50.00,50
20,100,1214,0.20,0.0010,24.28,0,48.00,50
20,100,1162,0.20,0.0010,23.24,0,50.00,50
50,10,45,0.05,0.0000,9.00,0,5.00,5
50,10,45,0.05,0.0000,9.00,0,5.00,5
50,10,45,0.05,0.0000,9.00,0,5.00,5
50,10,45,0.05,0.0000,9.00,0,5.00,5
50,10,45,0.05,0.0000,9.00,0,5.00,5
50,10,45,0.05,0.0000,9.00,0,5.00,5
50,10,45,0.05,0.0000,9.00,0,5.00,5
50,10,45,0.05,0.0000,9.00,0,5.00,5
50,10,45,0.05,0.0000,9.00,0,5.00,5
50,10,45,0.05,0.0000,9.00,0,5.00,5
50,10,45,0.10,0.0000,9.00,0,5.00,5
50,10,45,0.10,0.0000,9.00,0,5.00,5
50,10,45,0.10,0.0000,9.00,0,5.00,5
50,10,45,0.10,0.0000,9.00,0,5.00,5
50,10,45,0.10,0.0000,9.00,0,5.00,5
50,10,45,0.10,0.0000,9.00,0,5.00,5
50,10,45,0.10,0.0000,9.00,0,5.00,5
50,10,45,0.10,0.0000,9.00,0,5.00,5
50,10,45,0.10,0.0000,9.00,0,5.00,5
50,10,45,0.10,0.0000,9.00,0,5.00,5
50,10,45,0.20,0.0000,9.00,0,5.00,5
50,10,45,0.20,0.0000,9.00,0,5.00,5
50,10,45,0.20,0.0000,9.00,0,5.00,5
50,10,45,0.20,0.0000,9.00,0,5.00,5
50,10,45,0.20,0.0000,9.00,0,5.00,5
50,10,45,0.20,0.0000,9.00,0,5.00,5
50,10,45,0.20,0.0000,9.00,0,5.00,5
50,10,45,0.20,0.0000,9.00,0,5.00,5
50,10,45,0.20,0.0000,9.00,0,5.00,5
50,10,45,0.20,0.0000,9.00,0,5.00,5
50,50,1225,0.05,0.0000,49.00,0,25.00,25
50,50,1225,0.05,0.0000,49.00,0,25.00,25
50,50,1225,0.05,0.0000,49.00,0,25.00,25
50,50,1225,0.05,0.0000,49.00,0,25.00,25
50,50,1225,0.05,0.0000,49.00,0,25.00,25
50,50,1225,0.05,0.0000,49.00,0,25.00,25
50,50,1225,0.05,0.0010,49.00,0,25.00,25
50,50,1225,0.05,0.0010,49.00,0,25.00,25
50,50,1225,0.05,0.0010,49.00,0,25.00,25
50,50,1225,0.05,0.0000,49.00,0,25.00,25
50,50,1225,0.10,0.0000,49.00,0,25.00,25
50,50,1225,0.10,0.0000,49.00,0,25.00,25
50,50,1225,0.10,0.0010,49.00,0,25.00,25
50,50,1225,0.10,0.0010,49.00,0,25.00,25
50,50,1225,0.10,0.0000,49.00,0,25.00,25
50,50,1225,0.10,0.0000,49.00,0,25.00,25
50,50,1225,0.10,0.0010,49.00,0,25.00,25
50,50,1225,0.10,0.0000,49.00,0,25.00,25
50,50,1225,0.10,0.0000,49.00,0,25.00,25
50,50,1225,0.10,0.0000,49.00,0,25.00,25
50,50,1225,0.20,0.0000,49.00,0,25.00,25
50,50,1225,0.20,0.0000,49.00,0,25.00,25
50,50,1225,0.20,0.0000,49.00,0,25.00,25
50,50,1225,0.20,0.0000,49.00,0,25.00,25
50,50,1225,0.20,0.0000,49.00,0,25.00,25
50,50,1225,0.20,0.0000,49.00,0,25.00,25
50,50,1225,0.20,0.0000,49.00,0,25.00,25
50,50,1225,0.20,0.0000,49.00,0,25.00,25
50,50,1225,0.20,0.0010,49.00,0,25.00,25
50,50,1225,0.20,0.0010,49.00,0,25.00,25
50,100,2920,0.05,0.0010,58.40,0,49.00,50
50,100,2939,0.10,0.0000,58.78,0,49.00,50
50,100,2982,0.10,0.0010,59.64,0,50.00,50
50,100,3040,0.10,0.0000,60.80,0,49.00,50
50,100,3068,0.10,0.0000,61.36,0,50.00,50
50,100,2953,0.10,0.0000,59.06,0,49.00,50
50,100,2960,0.10,0.0000,59.20,0,50.00,50
50,100,2944,0.10,0.0000,58.88,0,50.00,50
50,100,2963,0.10,0.0000,59.26,0,50.00,50
50,100,2956,0.10,0.0010,59.12,0,49.00,50
50,100,2954,0.10,0.0000,59.08,0,49.00,50
50,1000,27814,0.10,0.0440,55.63,0,494.00,500
50,1000,27652,0.10,0.0450,55.30,0,496.00,500
50,1000,27748,0.10,0.0450,55.50,0,498.00,500
50,1000,27666,0.10,0.0450,55.33,0,495.00,500
50,1000,27518,0.10,0.0450,55.04,0,494.00,500
50,1000,27934,0.10,0.0440,55.87,0,494.00,500
50,1000,27665,0.10,0.0460,55.33,0,496.00,500
50,1000,27679,0.10,0.0440,55.36,0,494.00,500
50,1000,27688,0.10,0.0450,55.38,0,493.00,500
50,1000,27559,0.10,0.0450,55.12,0,497.00,500
10,1000,5745,0.10,0.0420,11.49,0,476.00,500
10,1000,5784,0.10,0.0421,11.57,0,479.00,500
10,1000,5736,0.10,0.0410,11.47,0,475.00,500
10,1000,5787,0.10,0.0420,11.57,0,474.00,500
10,1000,5706,0.10,0.0420,11.41,0,477.00,500
10,1000,5769,0.10,0.0420,11.54,0,476.00,500
10,1000,5730,0.10,0.0421,11.46,0,475.00,500
10,1000,5771,0.10,0.0400,11.54,0,473.00,500
10,1000,5698,0.10,0.0420,11.40,0,477.00,500
10,1000,5735,0.10,0.0413,11.47,0,476.00,500
50,1000,27552,0.10,0.0460,55.10,0,496.00,500
50,1000,27780,0.10,0.0451,55.56,0,496.00,500
50,1000,27486,0.10,0.0450,54.97,0,497.00,500
50,1000,27826,0.10,0.0450,55.65,0,495.00,500
50,1000,27567,0.10,0.0440,55.13,0,493.00,500
50,1000,27712,0.10,0.0442,55.42,0,494.00,500
50,1000,27754,0.10,0.0450,55.51,0,494.00,500
50,1000,27766,0.10,0.0450,55.53,0,495.00,500
50,1000,27813,0.10,0.0543,55.63,0,495.00,500
50,1000,27573,0.10,0.0450,55.15,0,495.00,500
10,500,2883,0.10,0.0111,11.53,0,241.00,250
10,500,2915,0.10,0.0110,11.66,0,238.00,250
10,500,2872,0.10,0.0100,11.49,0,237.00,250
10,500,2862,0.10,0.0100,11.45,0,236.00,250
10,500,2919,0.10,0.0110,11.68,0,240.00,250
10,500,2899,0.10,0.0160,11.60,0,239.00,250
10,500,2868,0.10,0.0120,11.47,0,238.00,250
10,500,2911,0.10,0.0100,11.64,0,239.00,250
10,500,2880,0.10,0.0110,11.52,0,236.00,250
10,500,2872,0.10,0.0110,11.49,0,239.00,250
10,1000,5713,0.10,0.0400,11.43,0,474.00,500
10,1000,5687,0.10,0.0410,11.37,0,474.00,500
10,1000,5696,0.10,0.0420,11.39,0,478.00,500
10,1000,5715,0.10,0.0412,11.43,0,474.00,500
10,1000,5748,0.10,0.0480,11.50,0,480.00,500
10,1000,5749,0.10,0.0410,11.50,0,480.00,500
10,1000,5759,0.10,0.0430,11.52,0,477.00,500
10,1000,5755,0.10,0.0420,11.51,0,479.00,500
10,1000,5779,0.10,0.0411,11.56,0,474.00,500
10,1000,5760,0.10,0.0421,11.52,0,480.00,500
5,500,1476,0.10,0.0100,5.90,0,230.00,250
5,500,1508,0.10,0.0090,6.03,0,227.00,250
5,500,1523,0.10,0.0100,6.09,0,233.00,250
5,500,1505,0.10,0.0090,6.02,0,228.00,250
5,500,1505,0.10,0.0100,6.02,0,230.00,250
5,500,1501,0.10,0.0090,6.00,0,226.00,250
5,500,1498,0.10,0.0090,5.99,0,230.00,250
5,500,1511,0.10,0.0100,6.04,0,234.00,250
5,500,1482,0.10,0.0131,5.93,0,232.00,250
5,500,1486,0.10,0.0100,5.94,0,230.00,250
5,1000,2999,0.10,0.0370,6.00,0,454.00,500
5,1000,2978,0.10,0.0380,5.96,0,457.00,500
5,1000,2997,0.10,0.0380,5.99,0,455.00,500
5,1000,2974,0.10,0.0380,5.95,0,458.00,500
5,1000,2990,0.10,0.0371,5.98,0,454.00,500
5,1000,3036,0.10,0.0370,6.07,0,454.00,500
5,1000,2994,0.10,0.0400,5.99,0,462.00,500
5,1000,2993,0.10,0.0380,5.99,0,457.00,500
5,1000,3004,0.10,0.0380,6.01,0,461.00,500
5,1000,3015,0.10,0.0380,6.03,0,459.00,500
